,word1,word2,label
0,a,viSvasan,T
1,SaSAfka,vakwre,B
2,ni,veSanam,T
3,SAswra,niwyAH,B
4,mArga,AyAsasya,T
5,Arya,varwmanaH,B
6,sa,uxyogam,B
7,maXya,XArAyAm,T
8,vExya,vyapASrayAH,B
9,a,BIruwvam,T
10,bIja,AxIni,B
11,apAlA,aBiXAnA,T
12,sa,SabxaH,B
13,sa,Palam,B
14,vi,krewuM,T
15,wapo,XanAH,B
16,xAnavIra,nAmnA,B
17,suKa,uxayAn,B
18,nir,Bayena,B
19,nikqwi,prajFaH,B
20,saw,BAvaM,T
21,IRA,xanwena,B
22,sa,aparAXaH,B
23,mahaw,aSanaH,B
24,eka,agryaM,B
25,apa,karRaNam,T
26,wri,lokam,T
27,kqwa,AhnikaH,B
28,mAlavIya,Bavane,T
29,unmawwa,rAkRasaH,T
30,svinna,gAwraH,B
31,inxra,wulyaH,T
32,mlAna,vaxanaH,B
33,sa,viswaram,B
34,pApa,rakRAMsi,T
35,pAxa,guNAH,T
36,upa,wiRTawi,A
37,pata,putakam,T
38,saMskqwa,BArawyAH,T
39,xqDa,vikramaH,B
40,prawi,icCakaH,A
41,saMmAna,SuSrURA,D
42,viSAla,kAyam,B
43,kqwa,vErANAm,B
44,pawi,gqhe,T
45,UrNa,nABiH,B
46,Xarma,vqwwaM,B
47,jvara,anwe,T
48,viciwra,vyavahAreNa,T
49,giri,guhAm,T
50,bahu,viXAnAm,T
51,SaSa,afkaH,B
52,paFcasahasra,rASim,T
53,pra,vrajiwe,T
54,cIna,xeSaH,T
55,smiwa,pUrvakam,B
56,mahA,aparAXAH,B
57,paFca,rAwrikA,B
58,mAwulifga,niBAH,T
59,anu,rUpaM,A
60,laGu,kAlaH,T
61,uxaf,muKaM,B
62,prawi,koNam,A
63,apa,arWakam,T
64,mahaw,manwriNam,T
65,AkarRaNa,vikarRaNena,D
66,svasWa,cewA,B
67,upajAwa,vismaya,B
68,wilaka,Axi,B
69,Akula,hqxayasya,T
70,xivya,cakRuBiH,B
71,amAwya,vallaBAnAM,T
72,kqwa,Agasam,B
73,niyawa,mAnasaH,B
74,saha,carAH,B
75,avyakwa,AwmA,B
76,anwara,AwmA,T
77,sa,uwsAhena,B
78,AjFA,vaSAw,T
79,pra,xAwQn,T
80,siMhAsana,ArUDaH,T
81,na,avalokya,T
82,kAla,prawIkRaNam,T
83,uw,vigna,T
84,RodaSa,guNam,B
85,sahasra,guH,B
86,wri,vAram,T
87,kAma,ASayaH,B
88,gawa,manyuH,B
89,kawipaya,janAnAm,T
90,xqRti,bANAH,T
91,alpa,buxZXiByaH,B
92,sawya,saMXAw,B
93,rukmiNI,AxyAH,B
94,a,kqwvA,T
95,gawa,asuM,B
96,sva,geham,T
97,sa,Avegam,B
98,Kinna,ASayAH,B
99,alpa,sAraH,B
100,XErya,vqwweH,B
101,rAja,prAsAxam,T
102,prasannawA,pUrvakam,B
103,a,mawsarI,T
104,na,nimeRAByAm,B
105,Sukla,varNam,B
106,uwWAna,SIlaH,B
107,sa,uwkleSaH,B
108,pra,wArakANAm,T
109,mahenxra,niyogAw,T
110,cariwa,vrawAH,B
111,sWira,pOruRAn,B
112,Rat,karmasu,T
113,nara,rAkRasaH,T
114,niwya,uxyukwAH,T
115,xaSaraWa,AxiBiH,B
116,maXya,ahnaH,T
117,viRa,hawAH,T
118,xUra,saMsWaH,T
119,Xarma,kuSalAH,T
120,sa,BrAwqkasya,B
121,kArya,sixXaye,T
122,kRINa,SakwiH,B
123,sarva,xakRiNaH,B
124,na,saxqSI,T
125,sarva3,vyUhEH,T
126,vi,mawasya,T
127,na,paviwrAM,T
128,sa,praNAmaM,B
129,prawi,xawwam,T
130,kRINa,kAyam,B
131,rawna,parIkRakANAm,T
132,eka,vixyaH,B
133,sa,punarnavam,B
134,BArawa,sarvakAraH,T
135,wyakwa,ApaxaH,B
136,agni,rUpam,B
137,nimiliwa,newra,B
138,Siva,AxyEH,B
139,AxarSa,xampawI,T
140,sarva,pApAnAM,T
141,ORaXa,maFjURAm,T
142,pari,samApya,T
143,maha,AwmAnaH,T
144,mAwrA,AxiH,B
145,nir,jaleByaH,B
146,a,vaXyAH,T
147,prawi,niSam,A
148,awi,XArmikam,T
149,rAja,xarSanIyA,T
150,xawwa,AxaraH,B
151,SUla,pANiH,B
152,wapwa,SIwaM,T
153,su,laBam,T
154,peya,apeyaM,D
155,SuBa,karmANaH,B
156,ahava,jewAraH,T
157,rAjya,SAsane,T
158,aXika,maXurasya,B
159,hqwa,jFAnAH,B
160,bahu,xoRasya,B
161,vigawa,pApaH,B
162,su,XUpiwaH,T
163,sa,sIwaH,B
164,BAryA,xviwIya,T
165,Agama,saMyukwaM,T
166,yukwi,yukwEH,T
167,lajjA,aruNam,T
168,na,nqNyam,T
169,awIwa,upaXAn,B
170,Amoxa,pramoxam,D
171,puRti,kAmAH,B
172,wapas,vane,T
173,cAra,newraH,B
174,a,svapanaM,T
175,varma,newram,D
176,yaWA,BAgaM,A
177,saf?koca,SIlA,B
178,prawisaMhqwa,aMSuH,B
179,iRtaka,uwWAw,T
180,apagawa,sanwApam,B
181,viSve,xevAH,T
182,sa,SrIkawA,B
183,vyAmiSra,Awma,B
184,XAnA,muRtim7,B
185,lavaNa,varjyAH,B
186,yaWA,ipsiwam,A
187,su,gamam,T
188,waw,saxqSaH,T
189,moxaka,KAxyEH,T
190,mahaw,ASayAH,B
191,an,awisnehaH,T
192,wvaramANa,maNdanA,B
193,su,BARiwAm,T
194,sa,sqjire,B
195,mahA,mAyasya,B
196,A,sAyam,T
197,a,vijFAwaM,T
198,arXa,rAwrasya,T
199,nir,vqnwA,B
200,sa,xArANAM,B
201,Srowra,AxIni,B
202,samapa,varjiwe,A
203,SmaSru,rahiwa,T
204,Bagna,KadgO,B
205,rakRi,puruREH,T
206,sarva,samAramBaH,T
207,a,pariNAmi,T
208,ruxran,seviwaH,T
209,pApa,rAkRasaH,T
210,inxra,AxyAH,B
211,Suci,kAmam,T
212,sawya,Palena,T
213,na,yukwam,T
214,sena,aXikAriNA,T
215,nir,BayaM,B
216,awi,vilambiwam,T
217,rakwa,paxmEH,T
218,yojana,anwariwa,T
219,xqDa,manaskA,B
220,vara,yAwri,T
221,anavarawa,niHsqwEH,T
222,paxma,ayuwaM,B
223,uwwara,kriyAm,T
224,nir,AramBaH,B
225,na,brAhmaNyam,T
226,ruci,pUrvakam,B
227,pUrva,vEraM,T
228,Saswra,pANayaH,B
229,vit,mUwraM,D
230,krUra,BUwAni,T
231,sarvakAla,vicArI,T
232,vAwa,parikRaye,T
233,suvarNa,praBaH,B
234,BIma,vegEH,B
235,su,anurakwA,T
236,sAXu,mahABAgena,T
237,SIla,mUlA,B
238,maw,prapOwram,T
239,Sruwi,parAyaNAH,T
240,sAXu,mahASayam,T
241,na,icCAm,T
242,vixiwa,AwmanA,B
243,xarSana,uwsukAnAm,T
244,SIla,xoReNa,T
245,kusuma,XanvanaH,B
246,asurAmbikA,nAmikA,B
247,a,SocanwaH,T
248,kaPa,karma,T
249,na,safKyAwAH,T
250,xur,bala,B
251,harRa,varRam,T
252,nibaxXa,wAlakam,B
253,na,cinwayaw,T
254,SuBa,AwmanAm,B
255,caraNa,kamalam,T
256,paFcaSawa,rupyakANi,T
257,sawya,saMkASAH,B
258,peya,Axi,B
259,Avega,pUrvakam,B
260,kAla,saMcoxiwA,T
261,mahA,mUlAH,B
262,kiM,gowrA,B
263,waw,Awma,B
264,xawwa,vaswuni,T
265,xqRti,pAwa,T
266,na,SAnwaH,T
267,nayana2,aSrUNi,T
268,mallikA,nAmikayA,B
269,prakqwi,SIwAH,B
270,sa,Akulam,B
271,na,calaH,T
272,sa,parivArA,B
273,uxaXi,niBam,T
274,sa,nAgaram,B
275,mahA,buxXiH,B
276,paryavaxAwa,SruwAH,B
277,pari,wyajya,T
278,waw,svaBAvAw,T
279,sax,vacanam,T
280,viruxXa,upakramaH,B
281,vaswra,ABURaNam,D
282,pUwa,pApmAnaH,T
283,praveRtu,kAmA,B
284,bahu,viswaram,B
285,nir,buxXiH,B
286,hawa,bAnXavA,B
287,vexa,ukwAH,T
288,evaM,viXena,B
289,nir,BayAH,B
290,Agama,niScayAw,T
291,maha,qxXiM,B
292,su,niSiwaH,T
293,an,qwAw,T
294,xur,ganXa,T
295,BArawIya,mahilA,T
296,paFca,guNAH,T
297,hqRta,romA,B
298,yukwi,safgawam,T
299,xvi,viXaM,B
300,sva,BAryAm,T
301,a,saMKyAkam,B
302,Xarma,Asanam,T
303,vqRa,garBaH,B
304,upari,BAge,T
305,mawsya,pASe,T
306,uxyawa,SAsanam,B
307,xeha,mArxavam,T
308,a,waWyAn,T
309,Xarma,aviroXinaH,T
310,rOxra,praxarSinaH,T
311,xurjana,AcariwaM,T
312,kumBI,XAnyEH,B
313,gawa,Agawam,D
314,aBi,gamya,T
315,su,vIryam,B
316,su,guNam,B
317,rakwa,sPulifgA,T
318,rAjIva,locana,B
319,vi,mukwena,T
320,na,viGnena,T
321,prawyakRa,XarmANaH,B
322,pra,SikRiwA,T
323,Bavaw,praxawwAni,T
324,BIma,parAkramaH,B
325,spaRta,xaNdasya,B
326,nir,aMkuSaH,B
327,a,yukwawA,T
328,an,asUyakaH,B
329,Amra,Palena,T
330,mUrKa,pragalBena,D
331,xaSan,AwmA,B
332,sa,vixyuwaH,B
333,SleRma,aXikaH,B
334,Saswra,niwyaH,B
335,viviXa,aswrANAm,T
336,xaSa,parAn,B
337,sajjana,BARiwam,T
338,na,sAPalyam,T
339,a,saMKyeyA,T
340,mawsya,maXye,T
341,prawiveSi,rAjye,T
342,vixyA,aXikam,T
343,guru,kAya,T
344,loka,sAkRikam,B
345,xamana,maharReH,T
346,a,rogaH,B
347,xuRta,mexasaH,B
348,na,SivABiH,T
349,bAbU,mahASayasya,T
350,mAMsa,asqk,D
351,brAhmaNa,qRaBe,T
352,piwq,AxO,B
353,kRamA,niwyaH,B
354,ku,pAwrakEH,T
355,sneha,pUrvaH,T
356,prawi,pUjayan,T
357,rAjya,AxiBiH,B
358,kiMkarwavya,vimUDA,T
359,lakRmaNa,reKayA,T
360,XUma,kewana,B
361,su,rakRiwA,T
362,pra,karwavyaM,T
363,pApa,buxXiH,B
364,nir,upAyA,B
365,aRtan,xikRu,T
366,vijiwa,inxriyaH,B
367,vikqwa,ceRtO,B
368,na,SocyAn,T
369,niH,Bayasya,B
370,kRAma,nivAraNam,T
371,kRINa,kalmaRAH,B
372,BikRA,jIvina,B
373,manuja,wApasena,T
374,sa,lAjam,B
375,sva,janeRu,T
376,sahasra,aMSuH,B
377,nArAyaNan,samaH,B
378,aBIRta,hanane,T
379,muni,veRAH,B
380,uRNa,woye,T
381,sa,sarRapaM,B
382,wri,vikrame,B
383,SiRta,AkqwiH,T
384,inxra,AxyAn,B
385,saMSraya,vAsinAm,T
386,Awma,wyAgI,T
387,paviwra,mOliH,B
388,wvaw,arWam,T
389,kAla,parIwaH,T
390,Cinna,sWUNaM,B
391,sva,BAgyam,T
392,eka,vaswrAM,B
393,gADa,varcasaH,B
394,waw,prapUrwO,T
395,piSiwa,aSanaH,B
396,prAk,muKaH,B
397,nir,IhaM,B
398,parama,sunxarI,T
399,yAna,praveSAya,T
400,varAha,rUpiNaM,B
401,buxZXi,mohiwaH,T
402,sa,vixyAnAm,B
403,a,sakqw,T
404,hawa,rAjAni,B
405,paFca,varRasya,T
406,yaWA,viXam,A
407,viRaNNa,vaxanaH,B
408,vyavahAra,patuH,T
409,bahu,SruwaH,B
410,Saf?kiwa,ciwwA,B
411,vikrama,buxXayaH,B
412,paviwriwa,lokaH,B
413,na,vaSa,T
414,a,viXavA,B
415,karpUragOra,aBiXAnam,B
416,viBakwa3,puRpaH,B
417,asmawa,gqham,T
418,sama,xuHKasuKaH,B
419,arXa,canxram,T
420,sa,rOkRyam,B
421,a,nisqRtAni,T
422,Awma,guNEH,T
423,Sukla,puRpANi,T
424,laguda,AyuXEH,B
425,pracCanna3,rawna,B
426,xivaH,okasaH,B
427,xivA,rAwraM,D
428,sa,BeRajA,B
429,ku,cakram,T
430,na,boXA,T
431,vAnara,SAvakaH,T
432,su,mafgalI,T
433,nir,ASA,B
434,xus,warAm,B
435,arha,varNaM,T
436,Xarma,ArAmAH,B
437,pANi,svanikAH,B
438,maw,vqkReRu,T
439,apa,varNiwam,T
440,cawurviMSawi,pafkajam,T
441,mAyA,upajIvanaH,B
442,upa,sWiwAnAm,T
443,sva,maNdam,T
444,su,vAcyAH,T
445,an,uwwamaH,B
446,sa,prema,B
447,mqxu,kAle,T
448,sva,anuRTiwAH,T
449,Gora,Awmane,T
450,sa,pawnIkAya,B
451,eka,agrawAM,T
452,kqpANa,haswam,B
453,xAra,nispqhaH,T
454,amara,saMkASaH,T
455,uwWAna,XIraM,T
456,nir,xayaM,B
457,rAjya,sevAyAm,T
458,sa,paricCaxaH,B
459,gulPa,pAxeRu,D
460,eka,nikewanAH,B
461,sva,cariwEH,T
462,kotara,Alayam,B
463,SeRa,jIvanam,T
464,nir,arWA,B
465,afgaxa,AxIn,B
466,sa,kranxam,B
467,lamba,kUrcam,B
468,vqxXi,AxIn,B
469,kalpa,sAXyam,T
470,na,parigrahe,T
471,xala,agram,T
472,kqwa,arWaH,B
473,manorama,AgAra,T
474,na,vyaBicAreNa,B
475,kArya,niyukwA,T
476,na,aBijFam,T
477,vi,nirmiwam,T
478,na,cewasaH,B
479,sahana,SIlaH,B
480,vi,naRtAH,T
481,vi,vqxXeByaH,T
482,a,kRaraM,B
483,muni,SApaH,T
484,paraspara,ASleRAw,T
485,viwwa,parEH,B
486,A,xAwuM,T
487,SArfga,pANe,B
488,sa,xuKam,B
489,pra,vqwwam,T
490,a,surAH,T
491,sarvaxeva,aBiXasya,T
492,sa,anuvAsanEH,B
493,sama,pramuxiwA,T
494,praSAsana,anuSAsanam,D
495,sam,AcAraH,T
496,jIvanwi,mUlaM,T
497,nivqwwi,lakRaNaH,B
498,ApoWiwa,agraM,B
499,eksapresa,AKyA,B
500,upa,jIvawaH,T
501,a,xravaM,T
502,rakwa,muKaH,B
503,sa,wvaraH,B
504,jiwa,AsanO,B
505,anXakAra,AvqwA,T
506,xawwa,ciwwaH,B
507,roga3,upacAram,T
508,sam,AganwukAnAm,T
509,yaw,arWam,T
510,jiwa,AwmanA,T
511,sahasra,pawiH,T
512,yajFa,AwmA,B
513,nawa,newrayA,B
514,agniveSa,kqwe,T
515,uwa,Aho,A
516,manxira,xiSi,T
517,BIma,AvarwaH,B
518,vaswra,putabanXa,T
519,sa,viroXam,B
520,mahA,xqwiH,B
521,yaWA,pUrvaM,A
522,bahu,xvAraM,B
523,sa,BaraxvAjaHn,B
524,viBakwa,anwaram,B
525,kalA3,vihInaM,T
526,na,kiFcanAyA,T
527,RAN,mAsikyAm,T
528,su,xAruNam,T
529,bahu,viGnaM,B
530,niSA,anviwam,T
531,rasa,wanmAwre,T
532,rAma,Bavanasya,T
533,vixIpwa,wejA,B
534,Saswra,pANiH,B
535,sarvva3,oRaXim,T
536,sa,mUlaH,B
537,sneha,sOmyawA,T
538,bAla,Xvanim,T
539,manas,snAnam,T
540,XyAna,nimagna,T
541,hawa,sUwAn,B
542,lohiwa,rAjI,B
543,puruRa,SreRTEH,T
544,pariGa,upamEH,T
545,Sila,uccayAH,T
546,niH,upaxravAH,T
547,saMkalpa,roXasam,B
548,Agamana,uxxeSam,T
549,sarva3,wawwveRu,T
550,SAnwa,svaBAvasya,B
551,jAwa,SabxaM,B
552,a,pAwraM,T
553,BrukutI,muKAH,B
554,manxa,AxyEH,B
555,guNa,upapannAn,T
556,nala,AkArAH,B
557,prawi,puruRam,A
558,jAra,prAsAxam,T
559,aNda,pipIlikam,D
560,sa,arxXam,B
561,sixXa,haswAH,B
562,sU,xUram,T
563,vi,lupwa,T
564,su,saMwraswO,T
565,xvija,AwiH,B
566,pari,kalpya,T
567,prawyakRa,rUpAH,B
568,a,uwwarA,B
569,xagXa,pakRaH,B
570,bAbU,mahAwmanaH,T
571,uwwama,afgEH,B
572,jala,kalaSA,T
573,kRipra,pAkA,B
574,aXyakRa,mahoxayaH,T
575,vqRaxaMSa,muKAH,B
576,vexavawI,nAmnA,B
577,rAya,mahASayam,T
578,rasa,oxanam,D
579,a,yuXyamAnaH,T
580,na,pariciwA,T
581,sva,XarmA,T
582,Awma,karma,T
583,mqxu,swIkRNena,D
584,mugXa,IkRaNA,B
585,hawa,vIrAH,B
586,xaSa,saMKyA,T
587,nir,buxXeH,B
588,miwra,vawsalaH,T
589,na,aBraH,T
590,na,aSnawaH,T
591,viRaya,ASliRtaM,T
592,paFca,AgneyAH,B
593,snAna,Axi,B
594,na,gaNiwAni,T
595,mqcCa,kati,T
596,mahA,bAhaH,B
597,aXimAMsA,abuxaM,D
598,kaRAya,maXuraM,D
599,yaWA,waWam,A
600,Bagna,SaswraH,B
601,gamBIra,woyABiH,B
602,sa,kalpaM,B
603,pAxa,aBinirvqwwaH,T
604,agra,gaNya,T
605,lOha,SqMKalA,T
606,paxma,nABaM,B
607,yaWA,ruci,A
608,pari,sWiwim,T
609,sva,AjIvikAm,T
610,eka,akRaraM,B
611,aSiwa,AxIni,B
612,sa,sammAnaM,B
613,BAri,manasA,T
614,paFca,afgIM,B
615,saha,jAwayaH,B
616,upa,spqSya,T
617,sa,Axaram,B
618,na,Aximaw,T
619,SuBa,karmaNi,T
620,a,kiMcanaH,T
621,hawa,buxXiRu,B
622,xakRa,sapwamAn,B
623,palAyiwu,kAmAH,B
624,maXye,pravAhaM,A
625,svAsWya,lABaH,T
626,saxXarmma,varwmani,T
627,ganXarva,kanyAyAH,T
628,upa,arjane,T
629,ucca,aXikAriRu,T
630,svakIya,Alinxe,T
631,krIwa,citikaH,T
632,anu,xAnam,T
633,vijiwa,ariNA,B
634,pra,harRiwAH,T
635,yukwi,bAhyena,T
636,sam,Axqwa,T
637,Svewa,vAhAw,B
638,safkrAnwi,AxO,B
639,nUwana,paxAnAm,T
640,vqRaBa,SakatyAm,T
641,aWarvan,rUpam,B
642,BU,lokasya,T
643,Baya,rasam,T
644,canxanapura,nAmni,T
645,hari3,ISvaraH,T
646,puRpiwa,pAxapam,B
647,sa,vikAram,B
648,pUrva,jAnAm,T
649,paxA,afgaM,B
650,aBi,saMSriwAH,T
651,yukwa,ceRtasya,B
652,sa,karuNam,B
653,prakASa,AwmA,B
654,niwya,wqpwAH,B
655,mahaw,xuHKam,T
656,pAnWin,AvAsam,T
657,xiva,okasaH,B
658,Awma,saMsWam,B
659,viviXa,varNAnAM,B
660,sa,viniScaye,B
661,na,kiFcana,B
662,sam,wqpwi,T
663,guNa,AwmakaM,B
664,kArwika,anwe,B
665,sa,kAmam,B
666,eka,rUpyakasya,T
667,prahlAxa,puwraH,T
668,buxXi,praxIpena,T
669,rAjya,Axi,B
670,viXi,hInam,T
671,yuga,pramANA,B
672,SreRTa,vaswUni,T
673,upa,yukwasya,A
674,uxXUwa3,puRpam,B
675,sapwa,AwmakaM,B
676,uRNa,saxanaM,T
677,kqRNa,pifgalaH,T
678,kubera,AyiwEH,T
679,brAhmaNa,SreRTaH,T
680,nir,maryAxAH,B
681,kAma,rUpiNI,B
682,anu,prApya,T
683,kurun,nanxanAH,T
684,anu,rUpO,A
685,xvi,raxasya,B
686,su,avaklinnAM,T
687,a,pUrvasya,B
688,prakRINa,puNya,B
689,kRaNa,kAlam,T
690,alpa,buxXeH,B
691,SIwa,uRNe,D
692,aRta,pAxaM,B
693,na,vicCinnaM,T
694,samApawiwa,sanwApaH,B
695,xuR,prawiprekRaNIyA,T
696,Sawru,sAXAraNe,B
697,ORaXa,xravyam,T
698,nir,vacanA,B
699,waw,kupraBAveNa,T
700,suwa,saMjFAn,B
701,Awma,kevalawAM,T
702,maMca,upayukwam,T
703,keSavaSAswri,nAmnA,B
704,su,wvak,B
705,gaja3,varam,T
706,xviviXa,praBAvaH,B
707,cAtu,SawEH,T
708,miWyA,pravqwwiM,B
709,sarva3,saMkatAni,T
710,sva,AwmanA,T
711,Sruwa,vAkyaH,B
712,xAna,SIle,B
713,yaWA,iRtaM,A
714,sapwa,xinAni,T
715,na,prakASya,T
716,parama,vexanayA,T
717,cinwana,SIlA,B
718,XanuR,guNaH,T
719,kRawriya,saMkulA,T
720,puRkara,newrAya,B
721,xvi,cawuH,B
722,xvi,guNAyAH,T
723,evam,viXaH,B
724,vi,vqwya,T
725,pApa,kqwyAH,B
726,nqwya,rawAH,T
727,sa,uwkaNTam,B
728,pralambamAna,kAkapakRaH,B
729,ganXa,wanmAwre,T
730,vEnaweya,manxirAw,T
731,xur,gawim,T
732,BUwa,vExyena,B
733,a,gawIn,B
734,sa,amAwyAn,B
735,xuHKa,SayyAH,B
736,pariciwa,wimirA,B
737,kiraNa,ciwraNam,T
738,Agawa,vijFAnaH,B
739,rasa,guNAn,T
740,upa,karwrAriNA,T
741,sa,hqxayasya,B
742,bahu,mallakEH,B
743,kqwa,saMskAraH,B
744,viviXa,lakRaNam,B
745,brAhmaNa,qRaBam,T
746,sa,AnanxaH,B
747,sahasra,SirasaM,B
748,sAXu,vqwwAn,B
749,SAswrasammawam),vicAram,T
750,maha,AsurAH,T
751,nir,Axarasya,B
752,sa,keyUrA,B
753,rakRi,puruReRu,T
754,vIwa,kalmaRam,B
755,mahaw,xAnam,T
756,sa,awiviRAM,B
757,bahu,viGnAni,B
758,sarva,ABaraNam,T
759,saMBinna,xarSanaH,B
760,XUwa,pApaH,B
761,a,maraH,B
762,goXUma,Axi,B
763,manwra,AxInAm,B
764,wulya,karmaNI,B
765,an,uwwame,B
766,gaja,ArUDam,T
767,svar,lokam,T
768,na,SAnwam,T
769,pra,pIdiwA,T
770,saFjAwa,sanxehaH,B
771,Arya,kakuBaH,T
772,vqnxA,rUpeNa,T
773,arWa,vyApArAH,B
774,vIra,bAlakAnAm,T
775,rAjan,xampawyO,T
776,xIrGa,AyuH,B
777,a,kUjanena,T
778,prawivexana,Axi,B
779,sa,agraM,B
780,xravya,AxinA,B
781,ugra,karmANaH,B
782,wapaH,parAyaNAH,B
783,sam,inXanAni,T
784,sarva,arWeRu,T
785,saha,mawyA,B
786,rAwri,anwe,T
787,kqwa,pariSramaH,B
788,sva,xAyiwvaM,T
789,a,vismayaH,B
790,mUrKa,aXipam,T
791,prawi,saMmiSriwe,A
792,saM,rakRyAn,T
793,na,SoRyaH,T
794,SreRTa,buxXiH,T
795,glAna,parNAnAM,B
796,A,kaNTam,A
797,roga,vimukwaH,T
798,sarva3,AramBEH,T
799,gAnXarva,vivAhasya,T
800,na,mAnuRi,T
801,su,prasAxaH,B
802,pUjA,AxinA,B
803,paraM,wapAH,B
804,eka,vqwwiH,B
805,kAma,akAmO,D
806,pra,xAnAya,T
807,na,SeRAH,T
808,na,lolupwvam,T
809,anu,mawi,T
810,Sraw,xaXAnaH,T
811,sa,avaXAna,B
812,awikRipwa,manoraWaH,B
813,suhqx,vqwaH,T
814,na,pariciwO,T
815,nir,AkAraH,T
816,a,kramaH,T
817,aXi,RTAnaM,A
818,vaMSAnucariwa,AxeH,B
819,sam,Anayaw,T
820,mahAnasa,pAwrANi,T
821,anya,viRayeRu,T
822,SArmaNI,Axi,B
823,eka,cCawrAM,B
824,aprawima,Ojase,B
825,kqwa,wvarA,B
826,na,prasannaH,T
827,marma,upaGAwI,T
828,labXa,sanwAnaH,B
829,mukwa,wvacaH,B
830,uxara,poRaNam,T
831,a,hiwAya,T
832,warjanI,AxO,B
833,a,kalmaRAn,B
834,sWAvara,jafgamam,D
835,RodaSa,Awmakam,B
836,AruDa,saMSayaH,B
837,anu,xinam,A
838,praSAnwa,roRaH,B
839,xravya,saMcayaH,T
840,manwra,afgAni,B
841,sixXi,BUmikAm,T
842,viRa,AkulEH,T
843,Bagna,samAXiH,B
844,su,snAwaH,T
845,yajFakRapiwa,kalmaRAH,T
846,maruwwara,yAnam,T
847,ava,Apya,T
848,haraxeva,AKyaH,B
849,xIrGa,prajFaH,B
850,nanxi,grAmam_K1,T
851,samavanawa,Siras,B
852,a,SeReNa,T
853,jFAna,Awmane,T
854,meru,maXye,T
855,pawnI,muKa,T
856,Xarma,upasWaH,T
857,varwwi,arWam,T
858,sa,sEnyam,B
859,hIraka,pUriwA,T
860,BAva,AwmikA,B
861,manwra,SAlAyAm,T
862,Xarma,cCaxmA,B
863,bahu,rUpa,T
864,naya,anayO,D
865,manwra,SakwiH,T
866,samuxra,muxrA,B
867,a,BakRyam,T
868,gawa,sawwvA,B
869,Gora,xarSanaH,B
870,na,urvarA,T
871,prawi,karmma,A
872,sa,apawrapaH,B
873,priya,rAjakaH,B
874,vArwA,AlApaH,D
875,su,Goram,T
876,cira,vyavasAyine,T
877,gawa,asavaH,B
878,na,Alocya,T
879,vara,varNinI,B
880,prawi,afgam,A
881,saha,uwsAham,B
882,mArga,BraRtO,T
883,sa,pidakAH,B
884,vAk,balAH,B
885,praviBakwa,pakRaH,B
886,Xarma,aXarmO,D
887,aBi,yukwaH,T
888,siMhAsana,ArohaNena,T
889,Sama,parAyaNAn,B
890,yaWA,icCam,A
891,anu,jFApya,T
892,paxArWa,jAwam,T
893,pra,aXyApakena,T
894,na,anumawasya,T
895,xqDZa,niScayAm,B
896,Xarma,AxIn,B
897,sajjanawva,kAraNa,T
898,an,iRtAnAM,T
899,buxXi,vEBavam,T
900,AXAna,AxIni,B
901,kilakila,rAvaH,T
902,xivya,SakwInAm,T
903,na,sahAyAm,T
904,wyakwa,AwmAnaH,B
905,wulya,vqwwayaH,B
906,nava,xvAre,B
907,eka,manA,B
908,a,wiWim,B
909,keSava,arjunayoH,D
910,sAXu,ukwam,T
911,ucca,aXikAriNam,T
912,paFca,karmA,B
913,xAsya,eSvaryaM,D
914,yaWA,iRtam,A
915,ananwara,kAle,T
916,rAjakIya,mahAvixyAlaye,T
917,vyavahAra,pravqwwAnAM,T
918,svexa,yogyena,T
919,hqxaya,manyuH,T
920,SikRaNa,saMsWAnAm,T
921,prahaswa,pramuKAH,B
922,SayyA,Asane,T
923,BIwa,yAnayA,B
924,SIrRa,virecane,T
925,eka,kRaNena,T
926,na,yogyaH,T
927,Avqwa,mArga,T
928,arWa,anarWO,D
929,sam,lagnaH,T
930,sa,cakiwaH,B
931,saFjAwa,vimawi,T
932,eka,SIlAH,B
933,a,kopayan,T
934,sarga,AxiH,B
935,piSiwa,ASanaH,B
936,mahaw,balam,B
937,pra,NIwAyAM,T
938,ABURaNa,AxIni,B
939,Saswra,pANInAm,B
940,saha,sAXyAH,B
941,bAhu,balinaH,B
942,prawi,xAnam,A
943,sva,mAnasasya,T
944,nis,svAxu,B
945,apAlA,sama,B
946,vexa,varjiwAH,T
947,yaWA,parimANam,A
948,xyUwa,Awma,T
949,Gora,niSAyAm,T
950,rafga,maXye,T
951,sa,parivArakAH,B
952,puwra,sahasrikAH,B
953,viRaya,viBexam,T
954,a,snAwaH,T
955,na,pAwreByaH,T
956,bahu,karxamAn,B
957,apara,ahNaH,T
958,iwyAxi,leKAn,T
959,wrivqw,SirAH,B
960,cariwa,arWaH,B
961,maw,saMsWAm,B
962,gawa,vyaWaH,B
963,a,SraxXeyam,T
964,hawa,buxXiH,B
965,rAma,AxyAH,B
966,yaWA,gawam,A
967,Basma,avaSeRAn,T
968,kqSa,grIvaH,B
969,BraRta,ESvaryaM,B
970,sa,puwrAm,B
971,a,jFena,T
972,Rac,guNaH,B
973,hqwa3,nayanAH,B
974,prApwa,aBiRekaH,B
975,xAna,niwyaH,T
976,sWiwa,XIH,B
977,guNa,prakarRaH,B
978,na,aBijFaH,T
979,wax,upASrayaH,B
980,vaMSa,hInaH,T
981,karNa2,kuharANi,T
982,xvEXI,BAvaH,T
983,nir,vikAraH,B
984,vacana,BraRtaH,T
985,Baya,hewum,B
986,na,pESunam,B
987,ana,apawrapaNa,T
988,su,saMpannaM,T
989,maXura,pAnIyA,B
990,na,pUrvasya,B
991,viSvawaH,muKam,B
992,a,svAxuH,T
993,xeha,ASriwam,T
994,an,arWasya,B
995,amiwra,viRayam,B
996,kapola,kalpiwAyA,T
997,sa,prajAH,B
998,cala,ciwwa,T
999,mAFjiRTa,rAga,T
1000,anekaviXa,kalpanA,T
1001,manxa,AxaraH,B
1002,nir,jIvaH,B
1003,BAviwa,AwmA,B
1004,raNa,priyAH,B
1005,kAma,hewunA,B
1006,Sawa,guNAn,B
1007,saw,guNaH,T
1008,afga,xeSasya,T
1009,na,afgaH,B
1010,arxXa,buBukRiwaH,T
1011,ku,xeSe,T
1012,waw,niRTAH,B
1013,prawi,grAmam,A
1014,Canxa,mqwyuH,B
1015,SAraxa,kOmuxI,B
1016,sa,bale,B
1017,akRa,mAwraM,B
1018,aXi,AwmA,A
1019,Canxa,anuroXena,T
1020,yajFa3,arWAni,B
1021,pra,sarawi,T
1022,sa,cewAH,B
1023,prApwa,kAle,T
1024,uxaka,SIlaH,B
1025,uxIrNa,manasaH,B
1026,sa,makRikE,B
1027,Arjava,saMBqwEH,T
1028,brahmANda,saFjFikAm,B
1029,sa,SAkam,B
1030,Bakwa3,uwwamaH,T
1031,sva,buxZXyA,T
1032,kqwa,prayawnaH,B
1033,jiwa,SramAH,B
1034,hArixra,varNe,B
1035,SrInivAsa,nAmnA,B
1036,sa,pariSramam,B
1037,sa,parivyayam,B
1038,su,vIryaH,B
1039,bahu,paSuH,B
1040,saMkalpa,mUlAH,B
1041,swena,kAryam,T
1042,ninxiwa,mawiH,B
1043,pIwa,SoNiwam,B
1044,maXura,ABARA,B
1045,niH,snehA,B
1046,pra,harRiwaH,T
1047,uxIrNa,xoRa,T
1048,SikRA,aXikAriNA,T
1049,pra,vqxXam,T
1050,uxAra,manasAM,B
1051,a,vikAre,B
1052,Ahawa,pAxAH,B
1053,na,vyayaM,B
1054,Sawa,varRaH,B
1055,paxma,AkAre,B
1056,roga,mArgaH,T
1057,vigawa,cewanaH,B
1058,vExya,mahoxayaH,T
1059,uxbuxXa,buxXiH,B
1060,xur,AwmaBiH,B
1061,apahasiwA,wanuH,B
1062,pari,cArakAH,T
1063,paxmAvawI,nAmnA,B
1064,Axiwya,sanniBEH,B
1065,A,xinam,A
1066,su,SoBanaH,T
1067,sa,kaPaH,B
1068,katAha,samIpam,T
1069,JaFJA,vAyuH,T
1070,caFcala,newra,B
1071,nihawa,xviRaH,B
1072,xIrGa,sUwraH,B
1073,xarSana,arWam,T
1074,kqwa,upaxeSAH,B
1075,kapAla,mAlinI,B
1076,pra,vrajiwaH,T
1077,kqwa,BayA,B
1078,lohiwa,akRaH,B
1079,skanXa,AvAram,T
1080,prApwa,praSikRaNa,B
1081,waw,ciwwAH,B
1082,anna,pAnasya,D
1083,prApwa,yOvanAm,B
1084,ava,guNTanam,T
1085,pari,sWiwi,T
1086,aya,jeyAni,T
1087,mAyA,SawaXarAH,B
1088,xIna,manAH,B
1089,anu,kRaNam,A
1090,upayogiwva,parIkRaNam,T
1091,jIva,saMjIvanena,T
1092,lubXa,buxXiRu,B
1093,lakRmaNa,ASvAsiwaH,T
1094,ni,kqwanwi,T
1095,na,sahAyA,T
1096,vi,rUpa,T
1097,apa,hqwaM,T
1098,sva,sanwAnAnAM,T
1099,su,wapasvinO,B
1100,na,vyakwam,T
1101,pAwaMjala,mahABARyam,T
1102,upaxvAra,sixXaye,T
1103,vi,manaskA,B
1104,kroXa,SIlaH,B
1105,na,mqwam,T
1106,hiMsA,paraH,B
1107,sa,xayam,B
1108,Xarma,kAmaM,B
1109,ni,rawaH,T
1110,mokRa,wanwram,T
1111,mahaw,ASayaH,B
1112,kqRNa,SilayA,T
1113,IrRyA,kaRAyiwa,T
1114,sa,vEBavam,B
1115,parama,paripUwAyAH,T
1116,alpa,PalAn,B
1117,sarva,SreRTam,T
1118,pIwa,ABaH,B
1119,evaM,viXEH,B
1120,sarayU,naxyAm,T
1121,paryApwa,vacanAn,B
1122,yaWArWa,mAnAH,B
1123,mAnasika,yAwanAm,T
1124,pari,vewwA,A
1125,pafka,xigXaH,T
1126,yaWA,kaWaFciw,A
1127,lAja,ganXi,B
1128,rakRiwa,AwmanaH,B
1129,sa,sikawAH,B
1130,a,anwarIyam,B
1131,su,BagaM,T
1132,sarRapa,SAkaM,T
1133,sa,sAXu,B
1134,loka,pAlEH,T
1135,karwavya,boXena,T
1136,nAnA,viXa,B
1137,maNirAma,AKyasya,B
1138,aSru3,pUriwe,T
1139,anu,jAnIhi,T
1140,viRaNNa,hqxayaH,B
1141,paMdiwa,mahoxayasya,T
1142,na,AwmanaH,B
1143,pra,xarSanIyaH,T
1144,manas,javEH,B
1145,a,wanxriNA,B
1146,saMSiwa,vrawaH,B
1147,kawara,kulAnvayaH,T
1148,BUwa,AxInAm,B
1149,na,jeyam,T
1150,manxa,hAsyam,T
1151,aXika,BArena,T
1152,xaNda,haswa,B
1153,aBi,vAxya,T
1154,aBinava,yOvanAm,B
1155,sa,rAgaM,B
1156,Bqwya,praNASaH,T
1157,nyAya,vqwwiM,B
1158,Sruwi,samakAlam,T
1159,aXaH,vaxanam,B
1160,kroXa,pafkAM,B
1161,gafgA,suwaH,T
1162,lavaNa,AxyEH,B
1163,na,patu,T
1164,hqxaya,ASriwaH,T
1165,uxBUwa,arWaM,B
1166,paFcasahasra,Awmakam,T
1167,pra,kRipwA,T
1168,na,arhANi,T
1169,mUla3,mUrwiBiH,T
1170,mAMsa,ruciH,B
1171,hqxaya,aBinna,T
1172,paMdiwa,mahoxaya,T
1173,kalifga,nAWam,T
1174,sa,cewasaH,B
1175,vajra,pANiH,B
1176,xAna,rucayaH,B
1177,sa,amarRam,B
1178,sa,suganXaH,B
1179,nAnA,viXAH,T
1180,RodaSa,AwmakaH,B
1181,mahaw,bAhuH,B
1182,sa,jIvaH,B
1183,sa,SaraH,B
1184,Ananxa,magnA,T
1185,guru,AxInAm,B
1186,BraRta,ESvaryeNa,B
1187,a,prakqwe,T
1188,yakRa,xAnavAn,T
1189,xvAra,pAlanam,T
1190,jAwa,pakRAH,B
1191,koSa,mUlaM,B
1192,pra,kqRtaM,T
1193,pIwa,asiwaM,D
1194,sa,kuRTe,B
1195,mahA,ASayA,B
1196,mahA,sawwvAH,B
1197,wrayoxaSa,varRa,T
1198,sawya,vrawaH,B
1199,A,hiNdanam,A
1200,niR,kAma,A
1201,viRNu,ukwAm,T
1202,na,pUrvAw,B
1203,yaWA,uxxeSam,A
1204,Pala,mUlAni,B
1205,pra,lInaH,T
1206,bahu,vawsaram,T
1207,prawyuwpanna,mawi,T
1208,jFAwa,sArAH,B
1209,xIna,manasaM,B
1210,waw,AkramaNam,T
1211,kArya,anwareNa,T
1212,nir,vexaM,T
1213,asmax,viXaH,B
1214,a,nirvexam,B
1215,BU,vinAyakam,D
1216,afgaxa,AxayaH,B
1217,anala,upamAH,B
1218,rAja,mArge,T
1219,rAjan,parivAre,T
1220,mahaw,grAmaH,T
1221,sawwva,saMjFakaM,B
1222,Ananxa,mAwrAyA,T
1223,baswi,ASrayA,B
1224,aByAsa,aBinaye,T
1225,kqwa,kAryam,B
1226,na,viGnam,T
1227,graha,paweH,T
1228,bahir,BAga,A
1229,anwarafga,saKinA,T
1230,na,svasWA,T
1231,ekAnwa,SIlinaH,B
1232,SAnwa,manAH,B
1233,paxa3,SawAni,T
1234,OrXva,xehi,T
1235,arxXa,pawiwam,T
1236,haswa,gawam,T
1237,rAya,mahoxayasya,T
1238,agni,vqxXiH,T
1239,lAva,kapiFjalam,D
1240,kArya,kalApena,T
1241,a,hiwAn,T
1242,anya,apaSakunaM,T
1243,BUmi,vivAxam,T
1244,loBa,AviRtaH,T
1245,sva,SarIrasya,T
1246,viSafka,mAnA,B
1247,lakRya,Bexenam,T
1248,na,sAnniXyAw,T
1249,unnawA,aMsAH,B
1250,eka,mUrwwO,T
1251,sAgara,anwAm,B
1252,jAnu2,safGattanEH,T
1253,hiMsa,ahiMse,D
1254,sarva3,praWamam,T
1255,Ipsiwa,anIpsiwAni,D
1256,Sakra,muKAH,B
1257,a,niwyaH,T
1258,Sawa,krawoH,B
1259,anulipwa,gAwraM,B
1260,arxXa,SikRiwA,T
1261,sa,purohiwaH,B
1262,bala,hInaH,T
1263,wyakwa,jIviwaH,B
1264,sa,wurafgasya,B
1265,nawa,uwpalaM,D
1266,viwwa,prayojanAH,B
1267,cira,kAlam,T
1268,su,xvAraH,B
1269,navan,AwmA,B
1270,bANa,SreRTam,B
1271,goXA,nimIliwAH,B
1272,wri,SuklAH,B
1273,yaman,kRayam,B
1274,suKa,SIlaH,B
1275,na,SakwO,T
1276,labXa,saMjFa,B
1277,nija,prAsAxam,T
1278,kqwa,uxyogA,B
1279,su,vicAriwam,T
1280,xvixala,kaNAH,T
1281,mahaw,qrRiNA,T
1282,AcAra,ceRtiwAH,T
1283,swrI,sevA,T
1284,jvara,AviRtasya,T
1285,gamBIra,akRAH,B
1286,bahu,kAlaH,T
1287,vAk,CalawaH,T
1288,jaraGarahap,BaginI,T
1289,AkRepa,yukwAni,T
1290,gqhIwa,pAxaH,B
1291,sevA,vihInAnAm,T
1292,anna,pUriwam,T
1293,karNa2,karNikayA,T
1294,a,GrANam,T
1295,sa,Sarkaram,B
1296,pra,hasanwa,T
1297,gaNda,SElasya,T
1298,na,upalaBya,T
1299,Arya,BUwikaH,T
1300,anwima,samaye,T
1301,mqxu,BeRaja,T
1302,prawi,kaNam,A
1303,yaSo,XanEH,B
1304,agni,AhiwAH,T
1305,SAKA,ASrayA,B
1306,na,pUrvANi,B
1307,vqwa,avqwO,D
1308,niKila,mahoxayasya,T
1309,anu,prApwAH,B
1310,prasakwa,AwmA,B
1311,sa,parivAram,B
1312,nir,XanAnAm,B
1313,alpA,AyuH,B
1314,vipUwa,AwmA,B
1315,xIpwa,arciH,B
1316,manas,vEkalyam,T
1317,na,qNaH,B
1318,SuBa,mawim,B
1319,manWara,aBiXAnaH,B
1320,kapata,patu,T
1321,awi,anwaM,A
1322,uwwama,arWam,B
1323,a,jiwaM,T
1324,na,SAMwam,T
1325,calaciwra,aBinewrI,T
1326,xuryoXana,AxIn,B
1327,sikKa,yuvakE,T
1328,nir,XanAya,B
1329,viRa,aviRam,D
1330,vi,cArya,T
1331,uxapAna,uxake,B
1332,kalka,apewAm,T
1333,SiWila,kramaH,B
1334,yukwa,xaNdaH,B
1335,maharRi,ramaNena,T
1336,sqRti,AxiH,B
1337,su,veRaM,B
1338,svarNa,akRarEH,T
1339,pariSrama,SIla,B
1340,hqxaya,parivarwanam,T
1341,praSna,arWAn,T
1342,rAja,SArxUlaH,T
1343,Pala,samqxXiH,T
1344,sarvawaH,xiSam,A
1345,nir,garBO,B
1346,kAMsya,BAjanam,T
1347,sa,inxriyaM,B
1348,cawur,xaMRtrAH,B
1349,Bqwa,xArAH,B
1350,pqWak,viXAH,B
1351,na,sahAyasya,B
1352,kRIra,Axi,B
1353,viSeRa,vicAriwena,T
1354,na,Avqwwim,T
1355,Bagna,mAnasAH,B
1356,vana,gahanam,B
1357,arXa,raWaH,B
1358,xAna,paramparAyA,T
1359,xeva,saMjFA,B
1360,vi,manasaH,T
1361,a,SASvawaH,T
1362,hawa,wviRaH,B
1363,su,rUpakAH,B
1364,niwya,vyayA,B
1365,pApa,vqwwInAM,B
1366,mArga,uparoXAya,T
1367,sa,uwkaNTA,B
1368,prajFAwa,lakRaNe,B
1369,sIXu,pAwrANAm,T
1370,viRaNNa,vaxanA,B
1371,ugra,AyuXaH,B
1372,aXigawa,rAjyasya,B
1373,prasanna,AwmA,B
1374,sawya,saMgaraH,B
1375,sa,viMSam,B
1376,vara,wanu,B
1377,SoNiwa,uxA,B
1378,iwi,AxiH,B
1379,BUri,xakRiNAH,B
1380,sarva,BAvAnAM,T
1381,mahA,iRvAsaM,B
1382,kqRi,BUmiH,T
1383,saM,viBajyAH,T
1384,kqwa,AramBAn,B
1385,ku,XIH,B
1386,AkASa,lakRaNaH,T
1387,sa,piwAmahAH,B
1388,KatvA,xevyA,T
1389,sarva,sawwvAH,B
1390,viSAla,akRaM,B
1391,na,wuliwAM,T
1392,xeva,nirmiwam,T
1393,mArga,xarSanam,T
1394,waw,nikatam,T
1395,sa,purohiwam,B
1396,nyaswa,xaNdaH,B
1397,nawa,SirAH,B
1398,sa,pipAsaH,B
1399,BIma,vikramAH,B
1400,su,niSciwaH,T
1401,sa,pawnIm,B
1402,sam,upasWApiwam,T
1403,kqwsna,vyavasiwAH,T
1404,wapaH,Xanam,B
1405,sawya,saMXaH,T
1406,a,prawimAni,B
1407,wapas,vanAni,T
1408,na,prekRamANA,T
1409,upahawa,inxriyaH,B
1410,anila,AxiBiH,B
1411,upa,bruve,A
1412,bahu,mAyaH,B
1413,nikuFciwa2,jAnuH,B
1414,su,varNam,B
1415,sama,xoRO,B
1416,su,varcasam,B
1417,nara,aXama,T
1418,kRepwu,kAmam,B
1419,na,kiFcanasya,B
1420,sIwA,nAmnA,B
1421,saM,jIviwaH,T
1422,sam,uxyawaH,T
1423,su,kumArAH,T
1424,mahA,sawwve,B
1425,sa,BqwyAH,B
1426,nija,Asanam,T
1427,pqWula,vakRasam,B
1428,a,sixXiH,T
1429,pUrva,vEram,T
1430,sa,cIwkAram,B
1431,na,mAniwvam,T
1432,kqwa,japyO,B
1433,upa,pannaH,T
1434,su,prasixXAyA,T
1435,sa,balaH,B
1436,xeva,rAjam,T
1437,Rat,garBAH,T
1438,Axara,pUrvakam,B
1439,upa,Agawa,T
1440,Bavaw,sevAm,T
1441,xur,AcAreNa,B
1442,parAkrama,prarocakAni,T
1443,Svewa,bAlAn,T
1444,na,xqSyA,T
1445,prawi,veSya,T
1446,kRawra,samAH,T
1447,xagXa,muKaH,B
1448,prakqwi,varNaH,B
1449,sva,karmaNi,T
1450,sanxaRta,oRTaH,B
1451,na,AxI,B
1452,rakwa,pataH,B
1453,cawuH,xanwaM,B
1454,aXika,rasaH,T
1455,wriH,niSAyAH,B
1456,Aganwu,kAmaH,B
1457,xaSa,pUrvAn,B
1458,jarjara,gAwra,T
1459,rAjya,kAmena,B
1460,praNava,AxyAm,B
1461,pANi,gqhIwI,B
1462,pariGa,bAhavaH,B
1463,janArxana,sahAye,B
1464,sa,pawnIkam,B
1465,ewaw,mUlO,B
1466,nir,Baya,B
1467,sWUla,lakRyaH,B
1468,sa,yawnam,B
1469,sa,jale,B
1470,vAkya,pracoxiwaH,T
1471,vinaya,AwmakaH,B
1472,na,varXamAnaH,T
1473,awi,inxriyam,T
1474,xur,viBAvyaM,T
1475,vi,hawAn,T
1476,yuvan,rAjAnAm,T
1477,pakvASaya,ASriwe,T
1478,suKa,xarSanam,B
1479,svexa,muKAni,T
1480,SAKA,anusAriNaH,T
1481,sva,nirxeSane,T
1482,asWi,ASrayANAM,B
1483,upa,ASriwaH,A
1484,safkIrNa,viSiKAyAm,T
1485,wax,saxqSI,T
1486,xur,meXA,B
1487,BErava,svaraH,B
1488,sa,SUlaM,B
1489,xur,guNAn,T
1490,Arwa,rUpAM,B
1491,rakwa,kaNTaH,B
1492,mala,AyaneRu,T
1493,araNya,gamanAw,T
1494,ciwra,gawA,T
1495,sa,hAhAkAram,B
1496,axBuwa,vikramaH,B
1497,evam,viXAyAm,B
1498,bAhu,upaXAnaM,B
1499,su,aXyakRaH,T
1500,guNa,cyuwaH,T
1501,para,AwmA,T
1502,pApa,niScaye,B
1503,kRux,Bayam,T
1504,a,hiwe,T
1505,evaM,viXayA,B
1506,yaxu3,kulam,T
1507,kati,baxXA,B
1508,jFAna,upaxeSaM,T
1509,guru,vAsare,T
1510,SaMsiwa,vrawAH,B
1511,kaniRTa,Axi,B
1512,yaWA,samayaM,A
1513,jiwa,kroXAH,B
1514,vigawa,AwmA,B
1515,viviXa,vqwwAnAM,B
1516,pra,wApinI,T
1517,nava,yuvakAH,T
1518,SOnaka,AxayaH,B
1519,an,arWEH,T
1520,Pala,vqkRANAm,T
1521,Bojana,AXikyena,T
1522,BArawIya,nAmaBya,B
1523,sWUla,jihvAH,B
1524,kRewra,sImAm,T
1525,xqDa,kroXaH,B
1526,na,SraxxaXAnaH,T
1527,yuxXa,kalAyAm,T
1528,xus,prakqwiH,T
1529,puwra,pOwrEH,T
1530,sa,upavAsam,B
1531,sva,jAweH,T
1532,BavaxIya,karNayoH,T
1533,kAla,aRtamEH,B
1534,manxa,vegAH,B
1535,maw,yogyaH,T
1536,kqwa,mawiH,B
1537,saMsAra,kAnwAram,T
1538,na,nyAyena,B
1539,Bagna,manoraWasya,B
1540,labXa,arWAn,B
1541,mahaw,awman,B
1542,roheSAnanxena,uwpAxiwaH,T
1543,nanxi,grAma,T
1544,uxxIpana,kAraNE,T
1545,UrXva,raSmiH,B
1546,UrXva,vAlaM,T
1547,vivqwa,AsyaH,B
1548,awi,Kinnam,T
1549,na,AyAsaH,T
1550,na,apawyawAyAH,T
1551,saMwyakwa,AwmA,B
1552,sa,maryAxeRu,B
1553,awi,xruwaM,A
1554,kqwa,nASakaH,T
1555,vipula,xravyaM,B
1556,sam,upasWiwAnAm,T
1557,xeva,asurAH,D
1558,virAtan,praBqwInAM,B
1559,niwya,viRakwAH,T
1560,sa,kAmaH,B
1561,xur,xaSA,T
1562,pra,hqRyan,T
1563,snigXa,akRaM,B
1564,upa,rAga,T
1565,pANdu,BAvena,T
1566,grahaNIya,arWaM,B
1567,waw,kAlam,T
1568,kqRNa,prAvArakam,T
1569,hiraNya,varNaH,B
1570,yajFa,pAwrANi,T
1571,yogamAyA,samAvqwaH,T
1572,saM,viXiH,T
1573,waw,URare,T
1574,a,puwrA,B
1575,ujjvala,kAnwyA,T
1576,xarSana,ananwaram,T
1577,sa,vEklavyam,B
1578,gqha,svAminA,T
1579,wIkRNa,kaNtakAnAm,T
1580,brAhmaNa,arpaNa,T
1581,suKa,xuHKEH,D
1582,sawya,lokaH,T
1583,na,prayacCanwam,T
1584,kqRNa,cakRuRaH,B
1585,na,kroXaH,T
1586,viwawa,maswakaH,B
1587,na,AmanwriwA,T
1588,xarpa,xalanam,T
1589,su,sUkRmam,T
1590,pari,janaH,T
1591,xik,banXam,T
1592,sawya,niRTa,B
1593,pUrva,kqwam,T
1594,nis,wejAH,B
1595,awi,premNA,T
1596,prabala,prawApI,T
1597,subuxXi,nAmA,B
1598,nyAya,vqwwaH,B
1599,ApaH,mUrwAH,B
1600,manaH,anugAni,B
1601,alpa,icCuH,B
1602,xur,GatanAM,T
1603,na,mqwasya,T
1604,apaXyAna,malaH,B
1605,aXi,gacCawi,T
1606,xur,vqwwaH,B
1607,waw,spqRtaH,T
1608,na,jAnanwI,T
1609,purA,vixaH,A
1610,sva,samaye,T
1611,buxXa,avawAram,T
1612,yaWA,kaWaFcix,A
1613,svAxu,xrumaM,T
1614,SrImaw,Urjiwam,T
1615,xAna,sakweRu,T
1616,nir,maryAxA,B
1617,raNa,pANdiwyam,T
1618,xakRiNa,pAxam,T
1619,gawa,safgasya,B
1620,kqwa,prajFAH,B
1621,yAjFavalkya,purohiwaH,B
1622,Safkiwa,varNaH,B
1623,sarva,priyaH,T
1624,Aloka,viSAlA,B
1625,sapwa,afge,B
1626,meGa3,upamAH,B
1627,kAma,nERTikAn,B
1628,roRa,anviwa,T
1629,SawaGnI,Xenu,T
1630,awi,xoRam,T
1631,kqwa,Axyam,B
1632,puRpa,varRAm,T
1633,cinwya,Awmane,T
1634,pari,rakRanwaH,T
1635,vi,kalpAH,T
1636,vIwa,SokaH,B
1637,sa,anurAgam,B
1638,vi,XUmAyAM,T
1639,buxXa,AwmanAM,B
1640,na,svIkqwya,T
1641,xur,manA,B
1642,svalpa,buxZXiwarAH,B
1643,nir,janAni,B
1644,upAya,nirxeSane,T
1645,aXas,muKa,B
1646,rAma,bANEH,T
1647,kalaBa,upamAH,B
1648,pra,xawwA,T
1649,vIwa,BIH,B
1650,a,vaSEH,B
1651,awi,paruRam,A
1652,jyeRTa,rAjFIm,T
1653,xugXa,muKa,B
1654,paFca,Awmake,B
1655,wrE,lokyasya,T
1656,wri,guNaM,B
1657,prApwa,vayaskAm,B
1658,buxXi,inxriyANAm,T
1659,sa,pANdavaHn,B
1660,prAXyApaka,mahoxayA,T
1661,gqhIwa,avaguNTanA,B
1662,xur,viceRtiwam,T
1663,Bagavaw,xxaRtiH,T
1664,gvAla,bAlakaH,T
1665,rASi,varjyeRu,B
1666,sa,AxaraM,B
1667,niH,svArWam,B
1668,mahaw,iRvAsA,B
1669,svAyamBuva,AxyAH,B
1670,sAhasa,prakqwI,B
1671,inXana,vikrewuH,T
1672,sa,karuNasya,B
1673,vrawa,AxInAm,B
1674,hiraNya,jyowiH,B
1675,nara,siMhaM,T
1676,maxIya,mAnase,T
1677,mukwa,safgaH,B
1678,awi,xAruNAn,T
1679,xIna,manA,B
1680,sa,mOnaM,B
1681,uxXqwa,maryAxEH,B
1682,a,vicArya,T
1683,yaWA,yogaM,A
1684,hEhaya,anvayaH,B
1685,viRtara,SravasAn,B
1686,Awma,SuxXaye,T
1687,pra,kRipawa,T
1688,parama,xuHKAnAM,B
1689,lavaNa,abXO,T
1690,kqwa,sneha,B
1691,krIwa,ullAsA,B
1692,sa,SarIram,B
1693,praXAna,AcAryasya,T
1694,sarva,pANdavAHn,T
1695,a,gopAH,B
1696,Kadga,haswaH,B
1697,SIGra,aswraH,B
1698,nawa,parvaNA,B
1699,gaMgA,waraMgeRu,T
1700,sa,purohiwAH,B
1701,payas,muKam,B
1702,aSma,kuttEH,B
1703,suKa,pUrNam,T
1704,a,peyaM,T
1705,muRti,prakRepEH,T
1706,sa,SawruGnaH,B
1707,prODA3,sulaBAni,T
1708,Aryapuwra,virahiwA,T
1709,pApa,karmaNaH,B
1710,jAwa,xarpaH,B
1711,nir,vikAravAn,B
1712,manuRya,vANyA,T
1713,sa,praSrayam,B
1714,anu,jAwaM,T
1715,ananwa,vIryaH,B
1716,aXigawa,vijayAm,B
1717,yaWA,arWavaw,A
1718,hiraNya,garBaM,B
1719,kqwa,buxZXInAM,B
1720,baxarika,AkArAH,B
1721,BikRA,pAwram,T
1722,yuxXa,kuSalAH,T
1723,vi,XavAnAM,B
1724,puNya,SIlaH,B
1725,na,avasWA,T
1726,iwi,AxIni,B
1727,nava,vaXvA,T
1728,xvi,wrA,B
1729,Baxra,janaH,T
1730,miRta,anne,T
1731,Rat,paxaH,B
1732,sva,mAnase,T
1733,A,rAwri,A
1734,sarva,avasWAsu,T
1735,niwya,SaswraH,B
1736,yaWA,prakqwi,A
1737,puruRa,vyAGra,T
1738,yaw,praBAvaH,B
1739,kRINa,balaH,B
1740,arXa,uwwarA,T
1741,alpa,PalA,B
1742,rAhu,praBqwayaH,B
1743,mahenxra,AxayaH,B
1744,sura,qRiNA,T
1745,AcAra,lakRaNAH,B
1746,nava,vaswUni,T
1747,yuga,AKyAM,B
1748,prAf,muKam,B
1749,hIna,piwwasya,B
1750,a,marRAw,T
1751,mahaw,AwmAnam,B
1752,xUwa,SawAni,T
1753,sam,Agawam,T
1754,mahaw,qRim,T
1755,aXyAwma7,SIlinA,B
1756,sahasra,kavacam,B
1757,Aswikya,buxXiM,T
1758,yawna,kqwaM,T
1759,sawwva,vIryAH,B
1760,arIvehU,nAmnI,B
1761,sAXu,vacaneRu,T
1762,eka,rAwreNa,T
1763,waw,manAH,B
1764,uRNa,vAriNA,T
1765,BUwa,viSiRtAH,T
1766,agni,sAkRi,T
1767,prahqRta,vaxanaH,B
1768,hArixra,varNaM,B
1769,an,iRtAn,T
1770,manxa,rujaM,T
1771,nis,SabxaM,A
1772,hqRta,manasaH,B
1773,sixXa,arWasya,B
1774,baxXa,parikarasya,B
1775,manyu,pafkAm,B
1776,Sawru,saMGAwaM,T
1777,xus,karmA,B
1778,niH,safgaH,B
1779,puruRa,uciwA,T
1780,sa,sanwoRam,B
1781,upavAsa,vrawam,D
1782,su,kumAra,T
1783,pra,caliwA,T
1784,apekRiwa,rUpeNa,T
1785,vipula,SroNI,B
1786,xuHKa,anwam,B
1787,na,Bexyena,T
1788,alpa,vayaskA,B
1789,XUwa,pApmAnaM,B
1790,kapata,miwram,T
1791,Awma,pariwyAgaH,T
1792,rAjan,jyowiRiNA,T
1793,sa,suKam,B
1794,gocara,BUmiH,T
1795,vAwa,upamaH,B
1796,waw,avaboXanAya,T
1797,canxanaxAsa,nAmA,B
1798,saha,parivAra,B
1799,cOrya,rUpasya,B
1800,an,AhiwAgnayaH,B
1801,sura,inxrasya,T
1802,sEnya,Axi,B
1803,sa,SarkaraM,B
1804,upahAsa,miSriwena,T
1805,kalaha,priyAH,B
1806,subAhu,mArIcO,D
1807,puwra,pOwrAn,D
1808,rAma,lakRmaNAByAm,D
1809,kRuw,pipAsayoH,D
1810,Inxra,ISAnayoH,D
1811,Pala,mUlAH,D
1812,vrIhi,yavaM,D
1813,go3,brAhmaNAnAm,D
1814,japa,homAn,D
1815,Agama,anugamaM,D
1816,guNa,prakqwInAm,D
1817,raja,wamoByAM,D
1818,nara,nArAyaNayoH,D
1819,suKa,xuHKayoH,D
1820,wvak,mAMsayoH,D
1821,mArkaNdeya,ASvalAyanO,D
1822,vyakwa,avyakwe,D
1823,xvA,xaSaBiH,D
1824,priya,xveRyANi,D
1825,BUwIka,paFcamUlAByAM,D
1826,niSaTa,unmukO,D
1827,xeha,sawwvayoH,D
1828,pOra,jAnapaxAH,D
1829,priyavrawa,uwwAnapAxO,D
1830,pAyU,upasWO,D
1831,vyAna,uxAnO,D
1832,gavya,mAhiRe,D
1833,elA,guruNI,D
1834,upoxikA,xaXiByAM,D
1835,Suka,sAraNO,D
1836,kara,xehayoH,D
1837,Ahava,AwapAH,D
1838,caNdIprasAxa,saxAnanxO,D
1839,jaya,vijayayoH,D
1840,alaMkaraNa,BojyaM,D
1841,SuBa,aSuBena,D
1842,krimi,kuRTinAm,D
1843,wvak,jihvA,D
1844,kAka,mqgO,D
1845,sukqwa,xuRkqwe,D
1846,kaWA,kAvyAya,D
1847,nAraxa,parvawayoH,D
1848,gawa,Agawam,D
1849,go,brAhmaNAnAm,D
1850,suKa,xuHKeRu,D
1851,somasunxara,vijayaxevayoH,D
1852,Sabxa,sparSO,D
1853,baswi,mehanayoH,D
1854,anwarxXi,pAlinO,D
1855,hari,SafkarayoH,D
1856,vAsanA,snehayoH,D
1857,akRi,xanwe,D
1858,anna,pAne,D
1859,Barawa,SawruGnayoH,D
1860,mqga,SUkarO,D
1861,buxZXi,newrEH,D
1862,agnin,mAruwOn,D
1863,paMca,RANAm,D
1864,sura,xAnavEH,D
1865,rasa,malAByAM,D
1866,vAk,manoByAM,D
1867,XAwA,viXAwArO,D
1868,kIta,pawaMgeRu,D
1869,yakRa,rAkRasAn,D
1870,yamala,arjunayoH,D
1871,uxaya,aswamane,D
1872,bAlaka,bAlikAH,D
1873,iRtikA,praswarANAm,D
1874,pIwa,rakwABiH,D
1875,sixZXa,sAXyayoH,D
1876,AkAra,prakAreNa,D
1877,ahalyA,gOwamayoH,D
1878,piwq,pEwAmahaM,D
1879,sruk,sruvO,D
1880,puNya,pApayoH,D
1881,pawi,pawnyO,D
1882,SiSna,uxaraM,D
1883,maXu,payoByAM,D
1884,kAma,xveRAw,D
1885,sapwalA,SafKinIRu,D
1886,rasaH,sparSe,D
1887,rAmanAWa,guNaSIlAByAm,D
1888,niSvAsa,ucCvAsA,D
1889,sahaxeva,ramAnAWO,D
1890,hikkA,SvAsO,D
1891,svAxu,amlO,D
1892,praBava,apyayaH,D
1893,vAyuH,pAvakO,D
1894,ahaH,kRape,D
1895,galaSAlUka,SuNdike,D
1896,canxran,AxiwyOn,D
1897,Xarma,mImAMsA,D
1898,wApasa,ASramiNAM,D
1899,mAwq,mAwulO,D
1900,kargaxa,leKanIH,D
1901,lAlana,pAlanAByAm,D
1902,kampillaka,AragvaXayoH,D
1903,guNa,xoRAH,D
1904,kula,anvayaH,D
1905,praWama,maXyamO,D
1906,snigXa,sWavirO,D
1907,brAmhaNa,kRawriyANAM,D
1908,jaya,vijayO,D
1909,go,mahiRIBiH,D
1910,xiv,pqWivyoH,D
1911,cawur,xaSa,D
1912,loka,vexayoH,D
1913,yamala,arjunO,D
1914,hari,harO,D
1915,sixXi,asixXyoH,D
1916,kamala,uwpale,D
1917,sneha,virecanEH,D
1918,sAMvawsarika,purohiwO,D
1919,aha,rAwra,D
1920,piwA,puwrO,D
1921,acyuwa,yuXiRTirO,D
1922,rAga,roRO,D
1923,xAna,xakRiNAm,D
1924,puwra,pOwrANAM,D
1925,ninxA,praSaMsAByAM,D
1926,saw,asaw,D
1927,soma,ISayoH,D
1928,piwq,pEwAmahe,D
1929,Xarma,aXarmasya,D
1930,yoga,kRemAn,D
1931,yoga,nyAyEH,D
1932,uwwama,aXamayoH,D
1933,walavara,AnXrakAH,D
1934,Axi,maXyaM,D
1935,SruwakIrwi,SawruGnayoH,D
1936,priya,xveRye,D
1937,vAxi,prawivAxinoH,D
1938,vAwa,varRe,D
1939,sura,qRiBiH,D
1940,maSaka,uxumbarO,D
1941,kAka,ulUkaM,D
1942,kRINa,vqxXAnAM,D
1943,swrI,puruRayoH,D
1944,Suka,sArikANAm,D
1945,vyAsa,samAsinyA,D
1946,sinXu,sOvIrAH,D
1947,BerI,mqxafgapaNavAn,D
1948,muxgaparNI,mARaparNyO,D
1949,xxeSa,kAlasya,D
1950,SaSi,sUryayoH,D
1951,ASrama,AraNyaM,D
1952,yoga,kRemaM,D
1953,kAmali,uxariNAM,D
1954,janavAxa,mqRAvAxaH,D
1955,go,brAhmaNe,D
1956,varma,kuNdale,D
1957,rUpa,ganXAnAm,D
1958,xuRyanwa,SakunwalayoH,D
1959,mUla,PalEH,D
1960,xeva,manuRyeRu,D
1961,pawi,pawnyoH,D
1962,anupamA,rAmaSAswriNoH,D
1963,wila,waNdulAH,D
1964,aSmakan,sumanwunA,D
1965,vinASa,praBava,D
1966,lakRaNa,uxxeSaH,D
1967,vana,xurgANi,D
1968,prANa,janmanI,D
1969,anala,uxake,D
1970,maXu,mAMsEH,D
1971,xrupaxan,xrOpaxeyAnAMn,D
1972,lakRmaNa,sIwAByAm,D
1973,pANi,pAxaM,D
1974,rAsnA,guruNI,D
1975,kuberan,xroNayoHn,D
1976,guru,SiRyayo,D
1977,rasa,pAkayoH,D
1978,Axiwya,canxrO,D
1979,praBava,pralayO,D
1980,sawya,manyuByAM,D
1981,mAnuRa,cAraNAH,D
1982,Kadga,aSvayoH,D
1983,miWyA,sawyayo,D
1984,nata,natIByAM,D
1985,xEva,lOkike,D
1986,svAmi,sacivAnAm,D
1987,yuXiRTira,XanaMjayO,D
1988,SawruGna,BarawO,D
1989,xeva3,asurEH,D
1990,Bava,apyayO,D
1991,priya,apriye,D
1992,hiwa,ahiwO,D
1993,rAjasUya,aSvameXAxIn,D
1994,cakiwa,cakiwO,D
